{
  "train_loss": [
    0.676688446095485,
    0.2230757935729879
  ],
  "train_acc": [
    0.765221300645919,
    0.8930372565570561
  ],
  "val_acc": [
    0.9136635531817277,
    0.9298340532726218
  ],
  "val_macro_acc": [
    0.9136635531817278,
    0.9298340532726218
  ],
  "lr": [
    0.001,
    0.001
  ]
}