{
  "train_loss": [
    0.6171102938133666
  ],
  "train_acc": [
    0.7903929061336469
  ],
  "val_acc": [
    0.9265111884505198
  ],
  "val_macro_acc": [
    0.9264844418611494
  ],
  "lr": [
    0.001
  ]
}